HouseID,Street,City,State,Zip,Lat,Lon,TotalPrice
1,5011 40th street,Lubbock,Texas,79414,33.557728,-101.9179993,10062
2,5106 73rd street,Lubbock,Texas,79424,33.527736,-101.9219971,21385
3,5428 49th Street,Lubbock,Texas,79414,33.550097,-101.9280014,94668
4,110 N Uvalde Ave,Lubbock,Texas,79415,33.576406,-101.9840012,40320
5,1514 24th Street,Lubbock,Texas,79411,33.573573,-101.8519974,45968
6,2129 E 30th street,Lubbock,Texas,79404,33.570291,-101.8160019,25920
7,2008 24th Street,Lubbock,Texas,79411,33.573027,-101.8600006,37576
8,1933 E Colgate street,Lubbock,Texas,79403,33.602593,-101.8099976,37990
9,1313 Kemper Street,Lubbock,Texas,79403,33.611882,-101.848999,56490
10,312 E 34th Street,Lubbock,Texas,79404,33.563235,-101.8330002,31080
11,9620 Durham Ave,Lubbock,Texas,79424,33.505469,-101.9349976,35010
12,1605 39th Street,Lubbock,Texas,79412,33.558657,-101.8529968,41540
13,4302 E 64th Street,Lubbock,Texas,79403,33.53663,-101.9039993,49414
14,1925 22nd Street,Lubbock,Texas,79411,33.574674,-101.8590012,85748
15,2812 66th Street,Lubbock,Texas,79413,33.534346,-101.8759995,54390
16,2112 E 30th Street,Lubbock,Texas,79404,33.566913,-101.8130035,33696
17,2707 39th Street,Lubbock,Texas,79413,33.558561,-101.8759995,64620
18,2105 Cedar Ave,Lubbock,Texas,79404,33.575475,-101.8330002,40508
19,1910 21st Street,Lubbock,Texas,79411,33.575918,-101.8580017,71288
20,1923 25th Street,Lubbock,Texas,79411,33.57189,-101.8580017,67860
21,1610 39th Street,Lubbock,Texas,79412,33.559089,-101.8539963,65130
22,2319 48th Street,Lubbock,Texas,79412,33.550488,-101.8659973,58266
23,2703 66th Street,Lubbock,Texas,79413,33.534047,-101.8720016,57915
24,2011 64th Street,Lubbock,Texas,79412,33.536938,-101.8600006,75426
25,3111 40th Street,Lubbock,Texas,79413,33.557603,-101.8830032,176826
26,1316 E 17th Street,Lubbock,Texas,79403,33.579661,-101.8219986,32640
27,408 39th Street,Lubbock,Texas,79404,33.558831,-101.8399963,29120
28,4014 37th Street,Lubbock,Texas,79413,33.56076,-101.9000015,57720
29,1401 24th Place,Lubbock,Texas,79411,33.572151,-101.8499985,52029
30,2109 35th Street,Lubbock,Texas,79412,33.562181,-101.862999,84050
31,2118 24th Street,Lubbock,Texas,79411,33.573028,-101.8610001,65520
32,1716 27th Street,Lubbock,Texas,79411,33.57038,-101.8570023,138852
33,1308 58th Place,Lubbock,Texas,79412,33.540981,-101.8499985,90300
34,5122 38th Street,Lubbock,Texas,79414,33.559724,-101.9209976,63640
35,2107 37th Street,Lubbock,Texas,79412,33.560372,-101.862999,47608
36,6602 26th Street,Lubbock,Texas,79407,33.570852,-101.9589996,93280
37,3430 Fordham Street,Lubbock,Texas,79415,33.608091,-101.8909988,75690
38,218 N Boston Ave,Lubbock,Texas,79415,33.600889,-101.8740005,52920
39,1512 E 14th Street,Lubbock,Texas,79403,33.582668,-101.8190002,60390
40,2221 20th Street,Lubbock,Texas,79411,33.576693,-101.862999,71910
41,2204 35th Street,Lubbock,Texas,79412,33.562673,-101.8639984,69030
42,2206 35th Street,Lubbock,Texas,79412,33.562672,-101.8639984,69030
43,4104 31st Street,Lubbock,Texas,79410,33.566078,-101.901001,69660
44,3608 Knoxville Dr,Lubbock,Texas,79423,33.5153,-101.8830032,124200
45,0 N Ash,Lubbock,Texas,79403,33.603447,-101.8150024,79856
46,2122 65th Street,Lubbock,Texas,79412,33.535936,-101.8639984,104190
47,6116 Avenue P,Lubbock,Texas,79412,33.537027,-101.8529968,45540
48,3808 27th Street,Lubbock,Texas,79410,33.569828,-101.8970032,148856
49,2607 48th Street,Lubbock,Texas,79413,33.550429,-101.8730011,98072
50,2210 35th Street,Lubbock,Texas,79412,33.562673,-101.8649979,69654
51,2203 37th Street,Lubbock,Texas,79412,33.560373,-101.8639984,56212
52,2033 63rd Street,Lubbock,Texas,79412,33.538093,-101.8600006,56071
53,1306 59th Street,Lubbock,Texas,79412,33.540162,-101.8499985,89817
54,4612 38th Street,Lubbock,Texas,79414,33.559927,-101.9110031,71816
55,5531 18th Street,Lubbock,Texas,79416,33.578776,-101.9339981,84694
56,1918 23rd Street,Lubbock,Texas,79411,33.574232,-101.8590012,78048
57,1308 28th Street,Lubbock,Texas,79411,33.568893,-101.848999,44064
58,2017 65th Street,Lubbock,Texas,79412,33.536155,-101.8610001,39744
59,1926 70th Street,Lubbock,Texas,79412,33.531263,-101.8580017,74880
60,3310 Amherst Street,Lubbock,Texas,79415,33.598967,-101.887001,89856
61,2605 48th Street,Lubbock,Texas,79413,33.550429,-101.8730011,94320
62,4502 45th Street,Lubbock,Texas,79414,33.55362,-101.9069977,51120
63,2330 57th Street,Lubbock,Texas,79412,33.542738,-101.8700027,135877
64,3506 Bangor Dr,Lubbock,Texas,79407,33.561307,-101.9290009,79380
65,4914 49th Street,Lubbock,Texas,79414,33.550084,-101.9169998,93296
66,2010 47th Street,Lubbock,Texas,79412,33.551803,-101.8610001,62450
67,2111 68th Street,Lubbock,Texas,79412,33.532419,-101.862999,126100
68,519 46th Street,Lubbock,Texas,79404,33.552203,-101.8420029,53100
69,3101 54th Street,Lubbock,Texas,79412,33.54512,-101.8550034,109150
70,3807 36th Street,Lubbock,Texas,79413,33.561271,-101.8970032,71150
71,3609 43rd Street,Lubbock,Texas,79413,33.555,-101.8929977,113000
72,1525 29th Street,Lubbock,Texas,79411,33.567372,-101.8529968,55080
73,2121 S Loop 289,Lubbock,Texas,79423,33.528795,-101.8639984,95268
74,2123 S Loop 289,Lubbock,Texas,79423,33.528795,-101.8639984,95268
75,7604 Avenue V,Lubbock,Texas,79423,33.525436,-101.8639984,87669
76,914 82nd Street,Lubbock,Texas,79423,33.520179,-101.8460007,95064
77,320 77th Street,Lubbock,Texas,79404,33.525051,-101.8399963,89964
78,7409 Fir Ave,Lubbock,Texas,79404,33.525328,-101.8300018,75276
79,3413 31st Street,Lubbock,Texas,79410,33.565903,-101.8880005,122094
80,4825 11th Street,Lubbock,Texas,79416,33.586041,-101.9150009,118167
81,6110 37th Street,Lubbock,Texas,79407,33.560424,-101.9489975,91188
82,214 Avenue U,Lubbock,Texas,79415,33.595133,-101.8619995,47632
83,1904 36th Street,Lubbock,Texas,79412,33.561777,-101.8580017,68744
84,3612 Avenue R,Lubbock,Texas,79412,33.560712,-101.8570023,38636
85,2202 58th Street,Lubbock,Texas,79412,33.541832,-101.8639984,134836
86,2704 57th Street,Lubbock,Texas,79413,33.542399,-101.8740005,118664
87,2829 66th Street,Lubbock,Texas,79413,33.534165,-101.8759995,90064
88,1303 65th Street,Lubbock,Texas,79412,33.535142,-101.848999,59488
89,311 77th Street,Lubbock,Texas,79404,33.524542,-101.8389969,75608
90,5114 47th Street,Lubbock,Texas,79414,33.551843,-101.9219971,80236
91,4705 58th Street,Lubbock,Texas,79414,33.541323,-101.9120026,155480
92,2120 17th Street,Lubbock,Texas,79401,33.579242,-101.8570023,86337
93,2209 25th Street,Lubbock,Texas,79411,33.571883,-101.862999,55756
94,2104 52nd Street,Lubbock,Texas,79412,33.54727,-101.8619995,119197
95,1930 73rd Street,Lubbock,Texas,79423,33.528449,-101.8610001,69271
96,307 46th Street,Lubbock,Texas,79404,33.552219,-101.8389969,70490
97,3629 59th Street,Lubbock,Texas,79413,33.540425,-101.8949966,129108
98,6102 Avenue S,Lubbock,Texas,79412,33.536526,-101.8570023,99900
99,5608 15th Street,Lubbock,Texas,79416,33.583311,-101.9329987,79380
100,4110 32nd Street,Lubbock,Texas,79410,33.565324,-101.9020004,73656
101,4232 37th Street,Lubbock,Texas,79413,33.560521,-101.9020004,69444
102,6108 24th Street,Lubbock,Texas,79407,33.572857,-101.9489975,47736
103,4914 47th Street,Lubbock,Texas,79414,33.551843,-101.9169998,90396
104,2118 25th St,Lubbock,Texas,79411,33.572312,-101.8619995,89650
105,2114 54th St,Lubbock,Texas,79412,33.545457,-101.8639984,138270
106,2521 53rd St,Lubbock,Texas,79413,33.541916,-101.8730011,157685
107,1605 57th St,Lubbock,Texas,79412,33.542241,-101.8539963,113080
108,3001 66th St,Lubbock,Texas,79413,33.534033,-101.8789978,138325
109,2617 Colgate St,Lubbock,Texas,79415,33.602268,-101.8730011,53312
110,5615 13th St,Lubbock,Texas,79416,33.584826,-101.9339981,130928
111,1909 29th St,Lubbock,Texas,79411,33.567934,-101.8580017,174705
112,1716 28th St,Lubbock,Texas,79411,33.569186,-101.8560028,59337
113,2824 57th St,Lubbock,Texas,79413,33.542523,-101.8789978,99636
114,5910 16th St,Lubbock,Texas,79416,33.581814,-101.9459991,83049
116,3005 36th St,Lubbock,Texas,79413,33.561269,-101.8799973,154014
117,2512 39th St,Lubbock,Texas,79413,33.559059,-101.8720016,98496
118,8208 Jordan Ave,Lubbock,Texas,79423,33.518974,-101.8919983,89490
119,5115 2nd Street UNIT 8,Lubbock,Texas,79416,33.594068,-101.9219971,165186
120,3629 59th St,Lubbock,Texas,79413,33.540425,-101.8949966,138852
122,2117 57th St,Lubbock,Texas,79412,33.542233,-101.862999,83578
123,2305 56th St,Lubbock,Texas,79412,33.543141,-101.8669968,135952
124,2003 La Salle Ave,Lubbock,Texas,79407,33.576336,-101.9540024,69600
125,4119 30th St,Lubbock,Texas,79410,33.566624,-101.9029999,96860
126,5121 37th St,Lubbock,Texas,79414,33.560449,-101.9209976,59856
127,3403 Fordham St,Lubbock,Texas,79415,33.60761,-101.8880005,82600
128,3307 Duke St,Lubbock,Texas,79415,33.60478,-101.887001,60003
129,2304 14th St,Lubbock,Texas,79401,33.582688,-101.8659973,94400
130,2012 52nd St,Lubbock,Texas,79412,33.547268,-101.8610001,115581
132,4402 33rd St,Lubbock,Texas,79410,33.564508,-101.9049988,72098
133,6903 Gary Ave,Lubbock,Texas,79413,33.531238,-101.8830032,226088
134,5231 15th St,Lubbock,Texas,79416,33.582167,-101.9260025,126850
135,4917 46th St,Lubbock,Texas,79414,33.552224,-101.9179993,98707
136,6110 36th St,Lubbock,Texas,79407,33.561742,-101.9489975,82364
137,3104 Harvard St,Lubbock,Texas,79415,33.609893,-101.8830032,66540
138,1908 43rd St,Lubbock,Texas,79412,33.555208,-101.8580017,46800
139,8803 Vernon Ave,Lubbock,Texas,79423,33.514572,-101.8639984,74640
140,4004 26th St,Lubbock,Texas,79410,33.570712,-101.8990021,87780
141,4512 38th St,Lubbock,Texas,79414,33.559677,-101.9079971,73920
142,3110 40th St,Lubbock,Texas,79413,33.557923,-101.8809967,78420
143,2713 37th St,Lubbock,Texas,79413,33.560375,-101.8759995,110520
144,2721 41st St,Lubbock,Texas,79413,33.556744,-101.8769989,85320
145,2504 42nd St,Lubbock,Texas,79413,33.556338,-101.8710022,62760
146,4304 Chicago Ave,Lubbock,Texas,79414,33.554833,-101.9309998,59160
147,4314 45th St,Lubbock,Texas,79413,33.55362,-101.9039993,109080
148,4208 43rd St,Lubbock,Texas,79413,33.555472,-101.9020004,75360
149,2504 56th St,Lubbock,Texas,79413,33.543451,-101.8710022,156840
150,2212 20th St,Lubbock,Texas,79411,33.577137,-101.8639984,99552
151,2108 26th St,Lubbock,Texas,79411,33.571102,-101.8610001,60268
152,2723 61st St,Lubbock,Texas,79413,33.538382,-101.8740005,129320
153,2821 23rd St,Lubbock,Texas,79410,33.573379,-101.8779984,191296
154,2707 35th St,Lubbock,Texas,79413,33.56216,-101.8759995,99857
155,3306 54th St,Lubbock,Texas,79413,33.545418,-101.887001,188612
156,8406 Wayne Ave,Lubbock,Texas,79424,33.51688,-101.9169998,62830
157,4817 38th St,Lubbock,Texas,79414,33.559463,-101.9150009,55083
158,2319 Ash Ave,Lubbock,Texas,79404,33.574049,-101.8359985,51832
159,504 81st St,Lubbock,Texas,79404,33.521093,-101.8410034,54064
160,5408 Harvard St,Lubbock,Texas,79416,33.610241,-101.9300003,169384
161,3512 23rd St,Lubbock,Texas,79410,33.57326,-101.8899994,99820
162,3315 37th St,Lubbock,Texas,79413,33.560377,-101.887001,112220
163,4315 41st St,Lubbock,Texas,79413,33.556791,-101.9029999,96596
164,4610 Indiana Ave,Lubbock,Texas,79413,33.551731,-101.8880005,178560
165,5325 33rd St,Lubbock,Texas,79407,33.564519,-101.9260025,90210
166,3106 59th St,Lubbock,Texas,79413,33.54081,-101.8820038,179928
167,4013 31st St,Lubbock,Texas,79410,33.565727,-101.9000015,95571
168,4009 39th St,Lubbock,Texas,79413,33.558576,-101.8990021,92862
169,4434 28th St,Lubbock,Texas,79410,33.568842,-101.9059982,99288
170,3314 43rd St,Lubbock,Texas,79413,33.55544,-101.887001,155043
171,3120 58th St,Lubbock,Texas,79413,33.541825,-101.8830032,116361
172,4910 79th St,Lubbock,Texas,79424,33.523265,-101.9160004,196497
173,4635 30th St,Lubbock,Texas,79410,33.566782,-101.9140015,251811
174,5006 35th St,Lubbock,Texas,79414,33.562418,-101.9179993,64890
175,4304 59th St,Lubbock,Texas,79413,33.540686,-101.9029999,124866
176,4501 49th St,Lubbock,Texas,79414,33.549662,-101.9069977,114975
177,5512 37th St,Lubbock,Texas,79407,33.561142,-101.9319992,102186
178,7604 Canton Ave,Lubbock,Texas,79423,33.525334,-101.8759995,196992
179,3811 35th St,Lubbock,Texas,79413,33.562155,-101.8980026,104256
180,4605 32nd St,Lubbock,Texas,79410,33.564912,-101.9089966,75200
181,3107 48th St,Lubbock,Texas,79413,33.550396,-101.8820038,112256
182,3609 78th Dr,Lubbock,Texas,79423,33.524939,-101.8929977,198976
183,4702 45th St,Lubbock,Texas,79414,33.553381,-101.9120026,94720
185,2821 78th St,Lubbock,Texas,79423,33.523192,-101.8789978,136890
186,3806 28th St,Lubbock,Texas,79410,33.568927,-101.8970032,85540
187,3808 37th St,Lubbock,Texas,79413,33.560879,-101.8970032,88075
188,2411 35th St,Lubbock,Texas,79412,33.562183,-101.8690033,72800
189,5712 36th St,Lubbock,Texas,79407,33.561728,-101.935997,115765
190,5763 38th St,Lubbock,Texas,79407,33.559162,-101.939003,105430
191,5035 52nd St,Lubbock,Texas,79414,33.546707,-101.9219971,88725
192,4818 52nd St,Lubbock,Texas,79414,33.546864,-101.9140015,82940
193,4110 63rd St,Lubbock,Texas,79413,33.537495,-101.9029999,161005
195,2020 47th St,Lubbock,Texas,79412,33.551804,-101.8619995,57222
196,2106 84th St,Lubbock,Texas,79423,33.518364,-101.8619995,73260
197,5511 8th Pl,Lubbock,Texas,79416,33.588282,-101.9309998,90486
198,3207 19th St,Lubbock,Texas,79410,33.577515,-101.8840027,422994
199,3410 30th St,Lubbock,Texas,79410,33.567126,-101.8889999,97350
200,3304 46th St,Lubbock,Texas,79413,33.552709,-101.8860016,148962
201,2618 42nd St,Lubbock,Texas,79413,33.556345,-101.8740005,70092
202,4614 Erskine St,Lubbock,Texas,79416,33.606903,-101.9089966,64812
203,5012 70th St,Lubbock,Texas,79424,33.530526,-101.9189987,165000
204,1331 49th St,Lubbock,Texas,79412,33.549852,-101.8519974,78993
205,1623 County Road 7245,Lubbock,Texas,79423,33.496769,-101.8590012,48776
206,5526 Harvard St,Lubbock,Texas,79416,33.610063,-101.9339981,84420
207,505 N Englewood Ave,Lubbock,Texas,79416,33.605422,-101.9369965,107669
208,5738 2nd St,Lubbock,Texas,79416,33.597338,-101.939003,97820
209,3406 54th St,Lubbock,Texas,79413,33.545461,-101.8880005,134201
210,3316 79th St,Lubbock,Texas,79423,33.52287,-101.8860016,123950
211,5208 8th St,Lubbock,Texas,79416,33.588558,-101.9229965,130382
212,4314 63rd St,Lubbock,Texas,79413,33.537506,-101.9049988,107468
213,4817 54th St,Lubbock,Texas,79414,33.544939,-101.9150009,105190
214,5029 52nd St,Lubbock,Texas,79414,33.546707,-101.9209976,91857
215,4314 63rd St,Lubbock,Texas,79413,33.537506,-101.9049988,107468
216,8425 Wayne Ave,Lubbock,Texas,79424,33.515063,-101.9169998,212189
217,6801 85th St,Lubbock,Texas,79424,33.516315,-101.9639969,155507
218,5712 78th St,Lubbock,Texas,79424,33.523516,-101.9369965,199191
219,2004 49th St,Lubbock,Texas,79412,33.549793,-101.8600006,54196
220,2206 49th St,Lubbock,Texas,79412,33.550009,-101.8639984,88740
221,5808 15th St,Lubbock,Texas,79416,33.581596,-101.9430008,85544
222,3405 35th St,Lubbock,Texas,79413,33.562175,-101.8880005,83096
223,4002 37th St,Lubbock,Texas,79413,33.560822,-101.8990021,105400
224,4822 12th St,Lubbock,Texas,79416,33.585567,-101.9169998,103224
225,5302 43rd St,Lubbock,Texas,79414,33.555476,-101.9250031,125528
226,7916 Albany Ave,Lubbock,Texas,79424,33.520547,-101.927002,188156
227,2504 55th St,Lubbock,Texas,79413,33.544359,-101.8710022,162840
228,310 N Chicago Ave,Lubbock,Texas,79416,33.603126,-101.9309998,178572
229,2520 36th St,Lubbock,Texas,79413,33.561552,-101.8710022,69759
230,3305 55th St,Lubbock,Texas,79413,33.544445,-101.8850021,184506
231,4414 47th St,Lubbock,Texas,79414,33.551603,-101.9049988,65205
232,5603 87th Pl,Lubbock,Texas,79424,33.5138,-101.9339981,112263
233,5201 87th St,Lubbock,Texas,79424,33.514299,-101.9229965,149868
237,2122 31st St,Lubbock,Texas,79411,33.566536,-101.862999,70000
238,2111 74th St,Lubbock,Texas,79423,33.527244,-101.862999,96040
239,2526 69th St,Lubbock,Texas,79413,33.532395,-101.8740005,135240
240,4434 Jarvis Street UNIT 1,Lubbock,Texas,79416,33.611319,-101.9089966,85540
241,6412 13th St,Lubbock,Texas,79416,33.584264,-101.9570007,153510
242,3506 23rd St,Lubbock,Texas,79410,33.57326,-101.8899994,84910
243,8211 Geneva Ave,Lubbock,Texas,79423,33.518704,-101.8830032,103950
244,8601 Memphis Dr,Lubbock,Texas,79423,33.51329,-101.8949966,52220
245,5318 45th St,Lubbock,Texas,79414,33.553762,-101.9260025,84700
246,4714 45th St,Lubbock,Texas,79414,33.553624,-101.913002,92540
247,5606 70th St,Lubbock,Texas,79424,33.531079,-101.9349976,160510
248,2714 79th St,Lubbock,Texas,79423,33.522789,-101.8759995,109411
249,3503 24th St,Lubbock,Texas,79410,33.572198,-101.8899994,63900
250,3517 39th St,Lubbock,Texas,79413,33.558563,-101.8919983,154425
251,2506 43rd St,Lubbock,Texas,79413,33.555431,-101.8710022,64752
252,3504 57th St,Lubbock,Texas,79413,33.54274,-101.8909988,137385
253,7410 Raleigh Ave,Lubbock,Texas,79424,33.526115,-101.9089966,150804
254,4610 55th Dr,Lubbock,Texas,79414,33.544196,-101.9110031,115588
255,4420 78th St,Lubbock,Texas,79424,33.52331,-101.9069977,179559
256,9619 Dover Ave,Lubbock,Texas,79424,33.505469,-101.9339981,103518
257,2114 28th St,Lubbock,Texas,79411,33.569182,-101.8610001,75024
258,6109 Lynnhaven Dr,Lubbock,Texas,79413,33.538022,-101.8949966,191664
259,4420 76th St,Lubbock,Texas,79424,33.525175,-101.9069977,131256
260,4420 78th St,Lubbock,Texas,79424,33.52331,-101.9069977,182088
261,7003 Winston Ave,Lubbock,Texas,79424,33.529988,-101.9179993,109872
262,8404 Utica Ave,Lubbock,Texas,79424,33.517146,-101.9140015,281448
263,9001 Lynnhaven Ave,Lubbock,Texas,79423,33.512504,-101.8939972,140400
264,4909 17th Pl,Lubbock,Texas,79416,33.58073,-101.9189987,139536
265,6011 Oxford Ave,Lubbock,Texas,79413,33.538532,-101.901001,152208
266,4116 18th St,Lubbock,Texas,79416,33.579474,-101.901001,98928
267,3405 60th St,Lubbock,Texas,79413,33.53953,-101.8889999,149616
268,3314 78th St,Lubbock,Texas,79423,33.523666,-101.887001,195336
269,7006 Memphis Ave,Lubbock,Texas,79413,33.530457,-101.8970032,163739
270,3416 94th St,Lubbock,Texas,79423,33.509653,-101.8899994,178485
271,5109 73rd St,Lubbock,Texas,79424,33.527279,-101.9209976,101835
272,5012 70th St,Lubbock,Texas,79424,33.530526,-101.9189987,182500
273,5109 73rd St,Lubbock,Texas,79424,33.527279,-101.9209976,101835
274,2511 Loyola St,Lubbock,Texas,79415,33.564521,-101.8479996,199726
275,5017 Itasca St,Lubbock,Texas,79416,33.609718,-101.9179993,189810
276,2610 27th St,Lubbock,Texas,79410,33.569709,-101.8730011,125504
277,2718 86th St,Lubbock,Texas,79423,33.516552,-101.875,142598
278,5003 60th St,Lubbock,Texas,79414,33.539505,-101.9179993,92944
279,4712 81st St,Lubbock,Texas,79424,33.521846,-101.913002,170570
280,5411 92nd St,Lubbock,Texas,79424,33.510057,-101.9290009,119880
281,2720 58th St,Lubbock,Texas,79413,33.541217,-101.8740005,180000
282,2802 74th Place,Lubbock,Texas,79423,33.526898,-101.8759995,126375
283,5542 1st Place,Lubbock,Texas,79416,33.597342,-101.9349976,108750
284,6116 10th St,Lubbock,Texas,79416,33.586782,-101.9489975,122400
285,2315 Ithaca Ave,Lubbock,Texas,79410,33.572886,-101.8889999,90000
286,3304 76th St,Lubbock,Texas,79423,33.525276,-101.8860016,218925
287,2411 93rd St,Lubbock,Texas,79423,33.510227,-101.8700027,129300
288,2302 Slide Rd,Lubbock,Texas,79407,33.563139,-101.947998,114825
289,4818 46th St,Lubbock,Texas,79414,33.552719,-101.9160004,107775
290,4513 52nd St,Lubbock,Texas,79414,33.546749,-101.9089966,111975
291,3304 76th St,Lubbock,Texas,79423,33.525276,-101.8860016,218925
292,5235 84th St,Lubbock,Texas,79424,33.51679,-101.9250031,124725
293,1613 76th St,Lubbock,Texas,79423,33.525295,-101.8539963,123272
294,2326 91st St,Lubbock,Texas,79423,33.512344,-101.8679962,87552
295,3707 45th St,Lubbock,Texas,79413,33.553036,-101.8949966,102144
296,7901 Wayne Ave,Lubbock,Texas,79424,33.522696,-101.9169998,229748
297,9706 Blandon Ave,Lubbock,Texas,79423,33.506562,-101.8740005,95456
298,5203 8th St,Lubbock,Texas,79416,33.588289,-101.9229965,152000
299,5713 63rd St,Lubbock,Texas,79424,33.536276,-101.935997,154888
300,5401 79th St,Lubbock,Texas,79424,33.522204,-101.9280014,191140
301,1915 100th St,Lubbock,Texas,79423,33.502742,-101.8590012,100639
302,5029 Hanover St,Lubbock,Texas,79416,33.60896,-101.9199982,164241
303,1203 Grover Ave,Lubbock,Texas,79416,33.584869,-101.9440002,105567
304,1012 Kewanee Ave,Lubbock,Texas,79416,33.585429,-101.9530029,148379
305,3414 25th St,Lubbock,Texas,79410,33.571596,-101.8889999,83160
306,3202 47th St,Lubbock,Texas,79413,33.551813,-101.8840027,149842
307,8209 Joliet Ave,Lubbock,Texas,79423,33.519321,-101.8899994,115192
308,3804 69th St,Lubbock,Texas,79413,33.532065,-101.8970032,301763
309,4915 58th St,Lubbock,Texas,79414,33.541307,-101.9169998,127820
310,4410 55th St,Lubbock,Texas,79414,33.544555,-101.9059982,132517
311,4807 59th St,Lubbock,Texas,79414,33.540409,-101.9140015,139524
312,2815 N Meadow Dr,Lubbock,Texas,79403,33.618892,-101.8219986,179400
313,3215 Emory S,Lubbock,Texas,79415,33.605709,-101.8850021,109356
314,1940 77th St,Lubbock,Texas,79423,33.525303,-101.8619995,130650
315,5206 Jarvis St,Lubbock,Texas,79416,33.611344,-101.9229965,199446
316,6107 5th St,Lubbock,Texas,79416,33.590686,-101.9509964,124254
317,6219 18th St,Lubbock,Texas,79416,33.57972,-101.9520035,139776
318,6524 9th St,Lubbock,Texas,79416,33.587765,-101.9599991,146484
319,4001 87th St,Lubbock,Texas,79423,33.5194,-101.8659973,229866
320,8405 Gary Ave,Lubbock,Texas,79423,33.516661,-101.8820038,125658
321,2624 78th St,Lubbock,Texas,79423,33.523674,-101.875,122924
322,2102 97th St,Lubbock,Texas,79423,33.50654,-101.8619995,141094
323,4915 Itasca St,Lubbock,Texas,79416,33.610167,-101.9169998,188889
324,4511 35th St,Lubbock,Texas,79414,33.562213,-101.9069977,70152
325,2724 37th St,Lubbock,Texas,79413,33.560874,-101.8769989,68572
326,3811 55th St,Lubbock,Texas,79413,33.544052,-101.8980026,159659
327,4019 88th St,Lubbock,Texas,79423,33.513355,-101.9000015,383387
328,4311 62nd St,Lubbock,Texas,79413,33.537868,-101.9039993,154366
329,5402 95th St,Lubbock,Texas,79424,33.508005,-101.9280014,124741
330,4019 88th St,Lubbock,Texas,79423,33.513355,-101.9000015,383387
331,5725 88th St,Lubbock,Texas,79424,33.512998,-101.939003,146150
332,7711 Dixon Ave,Lubbock,Texas,79423,33.524244,-101.8779984,178160
333,1311 81st St,Lubbock,Texas,79423,33.520591,-101.8499985,94080
334,1617 79th St,Lubbock,Texas,79423,33.522831,-101.8550034,133680
335,2008 100th St,Lubbock,Texas,79423,33.5153,-101.8830032,131360
336,3314 27th St,Lubbock,Texas,79410,33.569972,-101.887001,154000
337,2805 38th St,Lubbock,Texas,79413,33.55956,-101.8779984,63040
338,4519 79th St,Lubbock,Texas,79424,33.523046,-101.9110031,200320
339,5217 73rd Street APT A,Lubbock,Texas,79424,33.527234,-101.9250031,139680
340,8201 Brentwood Ave,Lubbock,Texas,79424,33.519572,-101.9300003,143680
341,5008 Lehigh St,Lubbock,Texas,79416,33.612912,-101.9199982,178281
342,1601 Kirby Ave,Lubbock,Texas,79416,33.581404,-101.9520035,144666
343,3615 67th St,Lubbock,Texas,79413,33.533259,-101.8939972,225261
344,3413 84th St,Lubbock,Texas,79423,33.517594,-101.8889999,140292
345,4646 Grinnell St,Lubbock,Texas,79416,33.608825,-101.913002,81648
346,3615 67th St,Lubbock,Texas,79413,33.533259,-101.8939972,225261
347,6522 88th St,Lubbock,Texas,79424,33.514328,-101.9589996,135432
348,2817 55th St,Lubbock,Texas,79413,33.543844,-101.8779984,119720
349,2302 95th St,Lubbock,Texas,79423,33.508217,-101.8659973,117588
350,5602 Amherst St,Lubbock,Texas,79416,33.598751,-101.9329987,110126
352,507 Iola Ave,Lubbock,Texas,79416,33.590686,-101.947998,128248
353,4910 63rd St,Lubbock,Texas,79414,33.537312,-101.9169998,150388
354,5323 68th St,Lubbock,Texas,79424,33.532634,-101.9290009,198604
355,5412 80th St,Lubbock,Texas,79424,33.521835,-101.9290009,223696
356,5801 88th St,Lubbock,Texas,79424,33.513932,-101.9400024,184336
357,1106 Primrose Ave,Lubbock,Texas,79416,33.585399,-101.9649963,154463
358,6110 Lynnhaven Dr,Lubbock,Texas,79413,33.537489,-101.8949966,162348
359,9607 Utica Dr,Lubbock,Texas,79424,33.50581,-101.9150009,268007
360,2413 94th St,Lubbock,Texas,79423,33.508586,-101.8700027,149898
361,5905 72nd St,Lubbock,Texas,79424,33.528072,-101.9420013,134626
363,6206 77th St,Lubbock,Texas,79424,33.523586,-101.9520035,278880
364,5704 92nd St,Lubbock,Texas,79424,33.510303,-101.935997,132717
365,1914 75th St,Lubbock,Texas,79423,33.52689,-101.8590012,136248
366,5201 Itasca St,Lubbock,Texas,79416,33.610129,-101.9240036,140280
367,6209 Louisville Dr,Lubbock,Texas,79413,33.53609,-101.8909988,168000
368,4611 88th St,Lubbock,Texas,79424,33.510283,-101.9440002,312060
369,9402 Miami Ave,Lubbock,Texas,79423,33.506779,-101.8779984,239064
370,6314 Nashville Dr,Lubbock,Texas,79413,33.535908,-101.9020004,183120
371,5814 72nd St,Lubbock,Texas,79424,33.528309,-101.9420013,131880
372,6034 73rd St,Lubbock,Texas,79424,33.527699,-101.9469986,144984
373,2308 93rd St,Lubbock,Texas,79423,33.510678,-101.8659973,116535
374,2314 99th St,Lubbock,Texas,79423,33.504358,-101.8669968,109735
375,1207 Hyden Ave,Lubbock,Texas,79416,33.584535,-101.9469986,118660
376,1104 Lasalle Ave,Lubbock,Texas,79416,33.583981,-101.9550018,98005
377,3136 75th St,Lubbock,Texas,79423,33.526119,-101.8830032,122740
378,6811 Peoria Ave,Lubbock,Texas,79413,33.53209,-101.9020004,373320
379,8101 Topeka Ave,Lubbock,Texas,79424,33.521429,-101.9120026,248965
380,3905 97th St,Lubbock,Texas,79423,33.506655,-101.8980026,173825
381,6537 37th St,Lubbock,Texas,79407,33.569595,-101.947998,139570
382,1924 99th Place,Lubbock,Texas,79423,33.5153,-101.8830032,154714
383,2204 99th St,Lubbock,Texas,79423,33.504359,-101.8639984,138460
384,3713 45th St,Lubbock,Texas,79413,33.553036,-101.8960037,137944
385,3308 55th St,Lubbock,Texas,79413,33.544615,-101.8860016,230824
387,5403 68th St,Lubbock,Texas,79424,33.532322,-101.9300003,164948
388,2210 99th St,Lubbock,Texas,79423,33.50436,-101.8649979,135024
390,6108 22nd St,Lubbock,Texas,79407,33.574567,-101.9489975,104922
392,3207 31st St,Lubbock,Texas,79410,33.565914,-101.8840027,188964
393,4912 94th St,Lubbock,Texas,79424,33.508871,-101.9179993,273615
394,4201 88th St,Lubbock,Texas,79423,33.513244,-101.9020004,365661
395,4717 22nd St,Lubbock,Texas,79407,33.573376,-101.9169998,247428
396,2516 29th St,Lubbock,Texas,79410,33.568296,-101.8720016,129630
397,4808 Itasca St,Lubbock,Texas,79416,33.610406,-101.9150009,144072
400,5523 109th St,Lubbock,Texas,79424,33.522541,-101.927002,142854
401,6206 15th St,Lubbock,Texas,79416,33.582411,-101.9509964,108680
402,4808 78th St,Lubbock,Texas,79424,33.524011,-101.9150009,265496
403,4501 89th St,Lubbock,Texas,79424,33.512383,-101.9089966,480744
404,8307 Elgin Ave,Lubbock,Texas,79423,33.518284,-101.8779984,133672
406,5324 84th St,Lubbock,Texas,79424,33.517253,-101.9290009,150216
407,8214 Colton Ave,Lubbock,Texas,79424,33.518543,-101.9329987,246488
408,5324 84th St,Lubbock,Texas,79424,33.517253,-101.9290009,238216
409,2310 99th St,Lubbock,Texas,79423,33.50436,-101.8669968,145515
410,2305 99th St,Lubbock,Texas,79423,33.503907,-101.8659973,145515
411,2307 100th St,Lubbock,Texas,79423,33.503076,-101.8659973,179157
413,2608 24th St,Lubbock,Texas,79410,33.572918,-101.8730011,91670
414,4301 96th St,Lubbock,Texas,79423,33.507317,-101.9029999,300108
415,106 N York Ave,Lubbock,Texas,79416,33.5974,-101.9199982,165184
416,9403 Miami Ave,Lubbock,Texas,79423,33.509091,-101.8980026,249734
417,4301 96th St,Lubbock,Texas,79423,33.507317,-101.9029999,300108
420,5525 109th St,Lubbock,Texas,79424,33.522541,-101.927002,137505
421,4001 76th St,Lubbock,Texas,79423,33.525144,-101.9029999,398160
422,4802 84th St,Lubbock,Texas,79424,33.517832,-101.9140015,228870
423,4711 96th St,Lubbock,Texas,79424,33.506817,-101.913002,328860
424,3903 97th St,Lubbock,Texas,79423,33.506684,-101.8980026,183600
425,8402 Fremont Ave,Lubbock,Texas,79423,33.517176,-101.8820038,134280
426,4515 20th St,Lubbock,Texas,79407,33.576053,-101.9100037,300240
427,6817 Saratoga Ave,Lubbock,Texas,79424,33.528578,-101.9700012,691740
428,9402 Miami Ave,Lubbock,Texas,79423,33.506779,-101.8779984,256140
429,8101 Topeka Ave,Lubbock,Texas,79424,33.521429,-101.9120026,263610
430,3717 103rd St,Lubbock,Texas,79423,33.500783,-101.8960037,126000
431,2519 109th St,Lubbock,Texas,79423,33.495336,-101.8720016,92911
432,5221 Harvard St,Lubbock,Texas,79416,33.609264,-101.9250031,173446
433,9102 Vicksburg Ave,Lubbock,Texas,79424,33.510677,-101.9150009,278005
434,5235 18th Place,Lubbock,Texas,79416,33.578188,-101.927002,400400
435,5708 87th Place,Lubbock,Texas,79424,33.514237,-101.9380035,150514
436,3319 30th St,Lubbock,Texas,79410,33.566755,-101.8880005,159528
437,9701 Gary Ave,Lubbock,Texas,79423,33.506292,-101.8799973,139380
438,6421 26th St,Lubbock,Texas,79407,33.570496,-101.9550018,109572
439,5231 96th St,Lubbock,Texas,79424,33.506725,-101.9260025,129444
440,5417 68th St,Lubbock,Texas,79424,33.53228,-101.9309998,169740
441,7608 84th St,Lubbock,Texas,79424,33.517926,-101.9869995,189520
442,5231 96th St,Lubbock,Texas,79424,33.506725,-101.9260025,129444
443,5917 90th St,Lubbock,Texas,79424,33.511559,-101.9440002,180228
444,9801 Kenosha Ave,Lubbock,Texas,79423,33.505049,-101.8929977,175770
445,101 N Vale Ave,Lubbock,Texas,79416,33.598636,-101.9179993,285882
446,3001 31st St,Lubbock,Texas,79410,33.566013,-101.8789978,98208
447,4010 88th Place,Lubbock,Texas,79423,33.512956,-101.9000015,359910
448,3706 104th St,Lubbock,Texas,79423,33.500402,-101.8960037,184140
449,6012 77th St,Lubbock,Texas,79424,33.524257,-101.9449997,240312
450,0 Main St,Lubbock,Texas,79401,33.584601,-101.8470001,180480
451,1203 Monticello Ave,Lubbock,Texas,79416,33.584404,-101.9599991,350526
452,5507 19th St,Lubbock,Texas,79407,33.57745,-101.9319992,548584
455,2619 25th St,Lubbock,Texas,79410,33.57137,-101.8740005,179075
457,5515 83rd St,Lubbock,Texas,79424,33.517846,-101.9329987,271605
459,2111 Main Street APT 1,Lubbock,Texas,79401,33.585323,-101.8619995,184320
460,1916 30th St,Lubbock,Texas,79411,33.567494,-101.8590012,238464
461,8908 Sherman Ave,Lubbock,Texas,79423,33.51371,-101.8580017,136032
462,2007 87th St,Lubbock,Texas,79423,33.5153,-101.8830032,148320
463,3913 75th Place,Lubbock,Texas,79423,33.525372,-101.901001,300288
464,8703 Salem Ave,Lubbock,Texas,79424,33.514338,-101.9100037,438624
465,6519 71st St,Lubbock,Texas,79424,33.522541,-101.927002,207264
466,2119 Main St,Lubbock,Texas,79401,33.585322,-101.8619995,174600
467,2520 23rd St,Lubbock,Texas,79410,33.573923,-101.8720016,104663
468,8412 Vicksburg Ave,Lubbock,Texas,79424,33.516048,-101.9150009,388776
469,4907 92nd St,Lubbock,Texas,79424,33.517587,-101.9649963,270824
470,4511 8th St,Lubbock,Texas,79416,33.588645,-101.9079971,293522
471,3817 66th St,Lubbock,Texas,79413,33.534091,-101.8990021,289060
473,5823 7th St,Lubbock,Texas,79416,33.589377,-101.9420013,113484
474,4310 94th St,Lubbock,Texas,79423,33.509552,-101.9049988,301448
475,10 Brentwood Cir,Lubbock,Texas,79407,33.579873,-101.9280014,388080
476,107 N Wayne Ave,Lubbock,Texas,79416,33.597545,-101.9189987,143276
477,7501 Quincy Ave,Lubbock,Texas,79424,33.526798,-101.9660034,350742
478,Vicksburg Ave# 23,Lubbock,Texas,79424,33.522541,-101.927002,225890
479,9102 Vicksburg Ave,Lubbock,Texas,79424,33.510677,-101.9150009,299390
480,5021 101st St,Lubbock,Texas,79424,33.502024,-101.9199982,220304
481,4903 102nd St,Lubbock,Texas,79424,33.501222,-101.9179993,265482
482,5848 6th St,Lubbock,Texas,79416,33.590876,-101.9430008,99891
483,3306 30th St,Lubbock,Texas,79410,33.567249,-101.8860016,189387
486,4415 88th St,Lubbock,Texas,79424,33.51305,-101.9069977,234200
488,Slide Rd# 10,Lubbock,Texas,79407,33.569595,-101.947998,154631
489,36 Brentwood Cir,Lubbock,Texas,79407,33.57868,-101.9280014,374508
491,3109 27th St,Lubbock,Texas,79410,33.569466,-101.8820038,224400
492,3428 59th St,Lubbock,Texas,79413,33.540925,-101.8909988,240516
493,4415 88th St,Lubbock,Texas,79424,33.51305,-101.9069977,238884
494,10906 Quinton Ave,Lubbock,Texas,79424,33.494827,-101.9069977,192270
495,2831 23rd St,Lubbock,Texas,79410,33.57338,-101.8789978,200232
496,4616 92nd St,Lubbock,Texas,79424,33.510476,-101.913002,357719
497,9115 York Place,Lubbock,Texas,79424,33.511118,-101.9209976,273362
500,3216 25th St,Lubbock,Texas,79410,33.571756,-101.8850021,299312
501,8215 Bourbon St,Lubbock,Texas,79424,33.518765,-101.9150009,200408
502,9102 Vicksburg Ave UNIT 18,Lubbock,Texas,79424,33.510677,-101.9150009,272480
503,408 Troy Ave,Lubbock,Texas,79416,33.591616,-101.9160004,384384
504,9405 Wayne Ave,Lubbock,Texas,79424,33.507401,-101.9179993,428064
505,5810 84th St,Lubbock,Texas,79424,33.517495,-101.9400024,319488
506,4719 109th St,Lubbock,Texas,79424,33.496857,-101.913002,246376
507,6305 78th St,Lubbock,Texas,79424,33.522541,-101.927002,305552
508,8604 Toledo Ave,Lubbock,Texas,79424,33.515524,-101.913002,365820
509,4816 96th St,Lubbock,Texas,79424,33.507091,-101.9160004,484995
510,4413 7th St,Lubbock,Texas,79416,33.589558,-101.9059982,324765
511,4603 18th St,Lubbock,Texas,79416,33.579079,-101.9110031,702240
512,6013 84th St,Lubbock,Texas,79424,33.517615,-101.9459991,298305
514,2508 20th St,Lubbock,Texas,79410,33.576645,-101.8710022,220586
515,3304 23rd St,Lubbock,Texas,79410,33.573953,-101.8860016,448592
516,9612 Uxbridge Ave,Lubbock,Texas,79424,33.505602,-101.9160004,324254
517,3203 County Road 7560,Lubbock,Texas,79423,33.5153,-101.8830032,270068
518,3120 22nd St,Lubbock,Texas,79410,33.574941,-101.8830032,349676
519,9810 Savannah Ave,Lubbock,Texas,79424,33.505041,-101.9110031,368615
520,5007 101st St,Lubbock,Texas,79424,33.502024,-101.9189987,232190
521,6101 75th Place,Lubbock,Texas,79424,33.525408,-101.9069977,275097
522,6207 78th St,Lubbock,Texas,79424,33.522277,-101.9520035,239466
524,4816 96th St,Lubbock,Texas,79424,33.507091,-101.9160004,498852
525,4616 92nd St,Lubbock,Texas,79424,33.510476,-101.913002,375084
526,2125 Glenna Goodacre Blvd,Lubbock,Texas,79401,33.588047,-101.8639984,333540
527,4807 95th St,Lubbock,Texas,79424,33.50764,-101.9160004,347270
528,4508 16th St,Lubbock,Texas,79416,33.582168,-101.9089966,511500
529,8712 Toledo Ave,Lubbock,Texas,79424,33.51374,-101.913002,234543
530,5050 21st St,Lubbock,Texas,79407,33.576049,-101.9219971,444000
531,6902 84th St,Lubbock,Texas,79424,33.517644,-101.9660034,366411
534,3213 33rd St,Lubbock,Texas,79410,33.564174,-101.8840027,139664
535,4612 96th St,Lubbock,Texas,79424,33.506795,-101.9120026,448560
536,4614 11th St,Lubbock,Texas,79416,33.586506,-101.913002,326592
537,6504 71st St,Lubbock,Texas,79424,33.522541,-101.927002,213024
538,4803 103rd St,Lubbock,Texas,79424,33.500345,-101.9150009,326480
539,5106 91st St,Lubbock,Texas,79424,33.511945,-101.9209976,294139
540,9111 Salem Dr,Lubbock,Texas,79424,33.510056,-101.9079971,723087
541,9801 Savannah Ave,Lubbock,Texas,79424,33.505009,-101.9110031,378437
542,2110 Main St,Lubbock,Texas,79401,33.585503,-101.8619995,155496
545,9312 Raleigh Ave,Lubbock,Texas,79424,33.508415,-101.9069977,694602
546,4504 8th St,Lubbock,Texas,79416,33.589108,-101.9069977,422598
547,4609 85th St,Lubbock,Texas,79424,33.516472,-101.9120026,432174
548,1 Main St,Lubbock,Texas,79401,33.585462,-101.8820038,145360
549,1803 N County Road 1660,Lubbock,Texas,79416,33.589644,-101.9339981,347760
550,1806 N County Road 1660,Lubbock,Texas,79416,33.585241,-101.9280014,425500
551,9615 Ithaca Ave,Lubbock,Texas,79423,33.5153,-101.8830032,239085
552,4614 101st St,Lubbock,Texas,79424,33.516632,-101.9769974,500365
553,2106 Main St,Lubbock,Texas,79401,33.585503,-101.8619995,146624
554,2104 Main St,Lubbock,Texas,79401,33.585503,-101.8619995,146624
555,2102 Main St,Lubbock,Texas,79401,33.585503,-101.8619995,146624
556,4509 17th St,Lubbock,Texas,79416,33.58033,-101.9089966,580580
557,2110 Main Street APT 5,Lubbock,Texas,79401,33.585503,-101.8619995,147888
558,2502 21st St,Lubbock,Texas,79410,33.575927,-101.8710022,264186
559,2720 29th St,Lubbock,Texas,79410,33.568513,-101.8769989,185094
561,3013 24th St,Lubbock,Texas,79410,33.572384,-101.8809967,499681
562,6323 77th St,Lubbock,Texas,79424,33.522541,-101.927002,329880
563,4920 92nd St,Lubbock,Texas,79424,33.510298,-101.9169998,426404
564,7401 78th St,Lubbock,Texas,79424,33.522614,-101.9800034,338672
566,9805 Topeka Ave,Lubbock,Texas,79424,33.504581,-101.913002,474288
567,2702 20th St,Lubbock,Texas,79410,33.576642,-101.875,316200
568,3110 23rd St,Lubbock,Texas,79410,33.574019,-101.8830032,677784
569,3309 22nd St,Lubbock,Texas,79410,33.574436,-101.8860016,244280
570,3003 23rd St,Lubbock,Texas,79410,33.57338,-101.8799973,400148
571,4813 103rd St,Lubbock,Texas,79424,33.500345,-101.9160004,529108
572,4618 101st St,Lubbock,Texas,79424,33.493886,-101.9150009,649782
573,4634 94th St,Lubbock,Texas,79424,33.508804,-101.913002,696192
574,7407 78th St,Lubbock,Texas,79424,33.522589,-101.9820023,339456
575,2115 Glenna Goodacre Blvd,Lubbock,Texas,79401,33.588047,-101.862999,400674
576,4004 125th Street,Lubbock,Texas,79423,33.5153,-101.8830032,364167
577,1 Tuscan Villa Cir,Lubbock,Texas,79423,33.50331,-101.8889999,300560
579,8817 County Road 6875,Lubbock,Texas,79407,33.569595,-101.947998,490504
580,4705 21st Street,Lubbock,Texas,79407,33.574469,-101.9150009,797867
582,4607 103rd Street,Lubbock,Texas,79424,33.500343,-101.9120026,445550
583,4617 101st Street,Lubbock,Texas,79424,33.502031,-101.913002,423495
584,4501 19th Street APT 6,Lubbock,Texas,79407,33.577624,-101.9079971,326672
585,6310 89th Street,Lubbock,Texas,79424,33.522541,-101.927002,406753
586,5006 91st Street,Lubbock,Texas,79424,33.511927,-101.9179993,893274
587,7303 Kewanee Ave,Lubbock,Texas,79424,33.522541,-101.927002,320117
588,4626 121st Street,Lubbock,Texas,79424,33.522541,-101.927002,296904
589,4906 93rd Street,Lubbock,Texas,79424,33.509267,-101.9169998,269451
590,4606 103rd Street,Lubbock,Texas,79424,33.500822,-101.9110031,559770
591,4012 109th Street,Lubbock,Texas,79423,33.496024,-101.9020004,597840
592,3226 64th Street,Lubbock,Texas,79413,33.536156,-101.8850021,328614
593,4610 87th Street,Lubbock,Texas,79424,33.515191,-101.9120026,598884
594,10706 Orlando Ave,Lubbock,Texas,79423,33.497234,-101.9020004,647802
595,4601 8th Street,Lubbock,Texas,79416,33.588837,-101.9100037,698065
596,4707 21st Street,Lubbock,Texas,79407,33.574467,-101.9160004,996534
597,4609 102nd Street,Lubbock,Texas,79424,33.501201,-101.9120026,680140
598,2809 19th Street,Lubbock,Texas,79410,33.577504,-101.8769989,795600
599,5235 20th Street,Lubbock,Texas,79407,33.576406,-101.9260025,673373
600,7604 Saratoga Ave,Lubbock,Texas,79424,33.524527,-101.9700012,760296
601,4509 102nd Street,Lubbock,Texas,79424,33.522541,-101.927002,659200
602,6809 Iola Ave,Lubbock,Texas,79424,33.53232,-101.947998,159712
603,8818 County Road 6860,Lubbock,Texas,79407,33.569595,-101.947998,1124442
604,3909 109th Street,Lubbock,Texas,79423,33.5153,-101.8830032,659483
605,3801 110th Street,Lubbock,Texas,79423,33.5153,-101.8830032,848347
606,3806 110th Street,Lubbock,Texas,79423,33.5153,-101.8830032,999296
607,4509 14th Street,Lubbock,Texas,79416,33.583711,-101.9089966,325632
609,3909 109th Street,Lubbock,Texas,79423,33.5153,-101.8830032,659483
610,3801 110th Street,Lubbock,Texas,79423,33.5153,-101.8830032,848347
611,3806 110th Street,Lubbock,Texas,79423,33.5153,-101.8830032,999296
612,4509 14th Street,Lubbock,Texas,79416,33.583711,-101.9089966,325632
