"","lngitude","latitude","pollinator"
"175",-118.795415,34.74800487,"synthetica"
"367",-118.5104455,34.77325495,"synthetica"
"377",-118.4850455,34.75515495,"synthetica"
"177",-118.3697126,34.77550732,"synthetica"
"169",-118.3521005,35.03059026,"synthetica"
"178",-118.3119058,34.77632003,"synthetica"
"166",-118.3080708,34.97462479,"synthetica"
"168",-118.3459672,35.01358564,"synthetica"
"172",-118.2910708,34.87120963,"synthetica"
"170",-118.291569,34.93162605,"synthetica"
"164",-118.2598505,34.95096587,"synthetica"
"158",-118.2993397,35.09799375,"synthetica"
"157",-118.2791802,35.10279977,"synthetica"
"141",-118.25321,35.61643039,"synthetica"
"163",-118.2270314,34.95088397,"synthetica"
"155",-118.2190419,35.11813505,"synthetica"
"126",-118.215755,35.39196755,"synthetica"
"128",-118.2277761,35.44526363,"synthetica"
"131",-118.2230358,35.47470682,"synthetica"
"137",-118.203567,35.50738191,"synthetica"
"139",-118.2424569,35.56441464,"synthetica"
"161",-118.160603,34.96173267,"synthetica"
"160",-118.1614693,35.01069036,"synthetica"
"159",-118.181524,35.08085066,"synthetica"
"153",-118.1730676,35.12371505,"synthetica"
"124",-118.1548674,35.37143717,"synthetica"
"142",-118.1915884,35.69566435,"synthetica"
"143",-118.1703909,35.72158656,"synthetica"
"380",-118.1274455,34.54412161,"synthetica"
"179",-118.1218158,34.60181501,"synthetica"
"150",-118.1183368,35.1254237,"synthetica"
"119",-118.1093666,35.31591427,"synthetica"
"122",-118.1167021,35.37271172,"synthetica"
"381",-118.0532288,34.58028828,"synthetica"
"180",-118.0688366,34.60213914,"synthetica"
"149",-118.0830635,35.17778872,"synthetica"
"148",-118.0636507,35.20263469,"synthetica"
"145",-118.0596824,35.69860447,"synthetica"
"144",-118.0931716,35.74860252,"synthetica"
"384",-118.0467071,34.57937095,"synthetica"
"181",-118.0462385,34.60201844,"synthetica"
"3",-118.0419244,34.91756937,"synthetica"
"471",-118.0047289,35.65050507,"synthetica"
"100",-118.0131826,37.17775825,"synthetica"
"389",-117.9747371,34.52158095,"synthetica"
"184",-117.9786485,34.63124772,"synthetica"
"186",-117.9697398,34.69132753,"synthetica"
"188",-117.9586932,34.73421974,"synthetica"
"2",-117.9841391,34.90812414,"synthetica"
"117",-117.9788555,35.42448514,"synthetica"
"115",-117.9533436,35.49106344,"synthetica"
"147",-117.9545464,35.62376581,"synthetica"
"112",-117.9743156,36.13729761,"synthetica"
"111",-117.9791516,36.19517457,"synthetica"
"110",-117.982271,36.23191932,"synthetica"
"109",-117.9927176,36.2543125,"synthetica"
"101",-117.998888,37.19053999,"synthetica"
"104",-117.9534138,37.23054597,"synthetica"
"401",-117.9296606,34.51361226,"synthetica"
"189",-117.9460398,34.70477085,"synthetica"
"9",-117.9309502,34.94580129,"synthetica"
"114",-117.9294284,35.98999312,"synthetica"
"113",-117.9354167,36.00605335,"synthetica"
"577",-117.9335623,36.21012181,"synthetica"
"105",-117.9474605,37.23565441,"synthetica"
"106",-117.9293148,37.25480697,"synthetica"
"418",-117.8556501,34.50635696,"synthetica"
"205",-117.8714413,34.59628656,"synthetica"
"204",-117.8676763,34.61656992,"synthetica"
"191",-117.8806969,34.71979868,"synthetica"
"193",-117.8805915,34.76380149,"synthetica"
"591",-117.8626149,36.23693605,"synthetica"
"216",-117.8145125,34.4294436,"synthetica"
"210",-117.8234668,34.46576758,"synthetica"
"424",-117.8169721,34.50582296,"synthetica"
"206",-117.8305167,34.58723561,"synthetica"
"203",-117.8385973,34.61648116,"synthetica"
"202",-117.8115827,34.69007494,"synthetica"
"194",-117.8422595,34.73461495,"synthetica"
"7",-117.8107964,34.82906469,"synthetica"
"592",-117.8109752,36.12758891,"synthetica"
"612",-117.8244638,36.53234992,"synthetica"
"674",-117.8269957,37.37962194,"synthetica"
"99",-117.8137505,37.46047373,"synthetica"
"218",-117.7824902,34.41626876,"synthetica"
"440",-117.7649061,34.49838396,"synthetica"
"200",-117.7741399,34.74687482,"synthetica"
"197",-117.7920518,34.75075128,"synthetica"
"14",-117.7985106,34.84429988,"synthetica"
"605",-117.7668122,36.21027182,"synthetica"
"611",-117.7581166,36.28161156,"synthetica"
"621",-117.7691577,36.49168347,"synthetica"
"626",-117.7647163,36.57246754,"synthetica"
"97",-117.7627445,37.46201516,"synthetica"
"443",-117.7477221,34.49833596,"synthetica"
"10",-117.7312221,34.84146073,"synthetica"
"20",-117.7352953,34.86463947,"synthetica"
"4",-117.7417834,34.92626405,"synthetica"
"613",-117.7467063,36.29360155,"synthetica"
"624",-117.7289035,36.44704138,"synthetica"
"635",-117.7320124,36.5651905,"synthetica"
"702",-117.7432217,37.34199058,"synthetica"
"96",-117.7297061,37.46211566,"synthetica"
"5016",-117.7333333,37.58333333,"synthetica"
"482",-117.6514611,34.44617796,"synthetica"
"464",-117.6611731,34.45259396,"synthetica"
"15",-117.699882,34.8295498,"synthetica"
"17",-117.6604758,34.89384528,"synthetica"
"619",-117.6645327,36.12554277,"synthetica"
"623",-117.6837775,36.22634477,"synthetica"
"633",-117.6831955,36.38075517,"synthetica"
"640",-117.6654622,36.41420518,"synthetica"
"645",-117.6885089,36.52640601,"synthetica"
"94",-117.6856485,37.43986431,"synthetica"
"219",-117.6056688,34.35997967,"synthetica"
"504",-117.6077491,34.42059296,"synthetica"
"267",-117.6070205,34.66793758,"synthetica"
"265",-117.6141796,34.70372177,"synthetica"
"5",-117.6216705,34.89128985,"synthetica"
"21",-117.608614,34.92013619,"synthetica"
"636",-117.6164163,36.20107078,"synthetica"
"648",-117.6305148,36.4313113,"synthetica"
"651",-117.6228008,36.45860448,"synthetica"
"657",-117.6172632,36.51180406,"synthetica"
"528",-117.557816,34.37727696,"synthetica"
"524",-117.584125,34.40899896,"synthetica"
"262",-117.5622392,34.72496302,"synthetica"
"1281",-117.5572639,34.84501986,"synthetica"
"6",-117.587595,34.89158095,"synthetica"
"19",-117.593092,34.92218905,"synthetica"
"602",-117.5843954,35.48310508,"synthetica"
"661",-117.5790452,36.50556797,"synthetica"
"719",-117.5578588,36.83385304,"synthetica"
"543",-117.520738,34.33433196,"synthetica"
"556",-117.532185,34.35765196,"synthetica"
"225",-117.5040714,34.4265826,"synthetica"
"261",-117.5460296,34.72625098,"synthetica"
"8",-117.5380242,34.87773062,"synthetica"
"734",-117.5054622,36.73078855,"synthetica"
"763",-117.5015161,36.89720581,"synthetica"
"95",-117.5365897,37.36718717,"synthetica"
"568",-117.4840453,34.31255496,"synthetica"
"226",-117.469778,34.42649434,"synthetica"
"586",-117.4844788,34.90608835,"synthetica"
"30",-117.4838954,35.23492173,"synthetica"
"647",-117.4928315,35.94076416,"synthetica"
"728",-117.4883247,36.61739922,"synthetica"
"93",-117.4780427,37.45034579,"synthetica"
"227",-117.4303482,34.42669853,"synthetica"
"256",-117.4082407,34.5680522,"synthetica"
"257",-117.4236671,34.61280125,"synthetica"
"258",-117.442296,34.66776734,"synthetica"
"268",-117.4467695,34.72753081,"synthetica"
"783",-117.4383245,36.78685565,"synthetica"
"92",-117.426852,37.44265925,"synthetica"
"84",-117.4013957,37.75813993,"synthetica"
"579",-117.3898287,34.41420497,"synthetica"
"254",-117.3995016,34.47367867,"synthetica"
"255",-117.3994241,34.52577866,"synthetica"
"270",-117.358706,34.73239014,"synthetica"
"780",-117.3532721,36.45165597,"synthetica"
"841",-117.3847956,37.3554553,"synthetica"
"91",-117.3676511,37.44462514,"synthetica"
"86",-117.3694578,37.73680177,"synthetica"
"82",-117.3567314,37.82602672,"synthetica"
"593",-117.3322953,34.48993831,"synthetica"
"77",-117.3435444,37.3877914,"synthetica"
"90",-117.3208099,37.44496385,"synthetica"
"228",-117.2509381,34.38082437,"synthetica"
"606",-117.281262,34.56653833,"synthetica"
"658",-117.2794793,35.42282783,"synthetica"
"895",-117.2573622,37.07385528,"synthetica"
"65",-117.2706115,37.27827353,"synthetica"
"1065",-117.2633623,37.74110535,"synthetica"
"229",-117.248091,34.35650176,"synthetica"
"230",-117.2073492,34.42350997,"synthetica"
"614",-117.216862,34.47145499,"synthetica"
"618",-117.2340953,34.62295501,"synthetica"
"69",-117.2097553,37.23611533,"synthetica"
"57",-117.2475069,37.29464725,"synthetica"
"54",-117.224739,37.30194621,"synthetica"
"76",-117.2280992,37.46598424,"synthetica"
"79",-117.2026788,37.57436426,"synthetica"
"81",-117.2166224,37.64839047,"synthetica"
"231",-117.1864214,34.42080504,"synthetica"
"617",-117.196662,34.47152166,"synthetica"
"272",-117.1534646,34.98256396,"synthetica"
"271",-117.1890802,35.02064094,"synthetica"
"71",-117.1914261,37.22781347,"synthetica"
"52",-117.1853263,37.30907694,"synthetica"
"73",-117.1524005,37.4098933,"synthetica"
"75",-117.1923817,37.49596371,"synthetica"
"78",-117.1942251,37.5374113,"synthetica"
"236",-117.1211422,34.3880463,"synthetica"
"233",-117.1331517,34.414815,"synthetica"
"274",-117.1054655,34.99431799,"synthetica"
"48",-117.1392322,37.33226858,"synthetica"
"72",-117.1314068,37.3757326,"synthetica"
"241",-117.0855439,34.34787419,"synthetica"
"275",-117.0897469,34.98524969,"synthetica"
"45",-117.0994199,37.34428345,"synthetica"
"277",-117.0442046,34.97866906,"synthetica"
"726",-117.030862,35.00968839,"synthetica"
"681",-116.9512369,34.443866,"synthetica"
"280",-116.9888561,34.96955165,"synthetica"
"683",-116.9479739,34.443866,"synthetica"
"250",-116.8583469,34.36512817,"synthetica"
"711",-116.8842959,34.443809,"synthetica"
"244",-116.80373,34.29376565,"synthetica"
"245",-116.8080563,34.31116212,"synthetica"
"249",-116.846871,34.35206975,"synthetica"
"755",-116.8146409,34.43440701,"synthetica"
"771",-116.8073119,34.47675501,"synthetica"
"784",-116.7635659,34.42101901,"synthetica"
"800",-116.7050609,34.39919801,"synthetica"
"792",-116.7307699,34.41561601,"synthetica"
"804",-116.6788149,34.39250301,"synthetica"
"817",-116.6228839,34.36976001,"synthetica"
"824",-116.5875649,34.36919201,"synthetica"
"1092",-116.5634454,36.82587197,"synthetica"
"877",-116.5108429,34.34509601,"synthetica"
"845",-116.5263849,34.35017501,"synthetica"
"1008",-116.4616838,34.29522601,"synthetica"
"916",-116.4828688,34.32565501,"synthetica"
"1382",-116.460284,37.17343039,"synthetica"
"5360",-116.4005901,34.02261567,"synthetica"
"5136",-116.4038612,34.06212993,"synthetica"
"932",-116.4188788,34.149545,"synthetica"
"940",-116.4238088,34.167849,"synthetica"
"973",-116.4395248,34.225939,"synthetica"
"997",-116.4498398,34.27672001,"synthetica"
"5219",-116.3617299,34.0400271,"synthetica"
"5113",-116.3871423,34.0614152,"synthetica"
"1059",-116.3773047,34.2663065,"synthetica"
"5496",-116.3486057,33.98873897,"synthetica"
"5440",-116.3147186,34.00098036,"synthetica"
"5167",-116.3446905,34.05366122,"synthetica"
"1053",-116.3420451,34.140355,"synthetica"
"1060",-116.3432175,34.20490296,"synthetica"
"1087",-116.3482952,35.57027184,"antithetica"
"1095",-116.3298475,36.87177175,"synthetica"
"1407",-116.3333521,37.147945,"synthetica"
"1400",-116.3492416,37.16410315,"synthetica"
"1439",-116.3086364,37.21713597,"synthetica"
"5507",-116.2633665,33.9855164,"synthetica"
"5376",-116.2849081,34.01242555,"synthetica"
"5170",-116.2685085,34.05313568,"synthetica"
"5017",-116.2614602,34.1018454,"synthetica"
"1393",-116.2630903,36.84739581,"synthetica"
"1403",-116.2555079,36.87030206,"synthetica"
"1406",-116.2717226,36.92383092,"synthetica"
"1448",-116.2904362,37.21859234,"synthetica"
"5643",-116.2141399,33.94408662,"synthetica"
"5494",-116.2221695,33.98877281,"synthetica"
"5190",-116.2240965,34.04692528,"synthetica"
"5035",-116.2392959,34.0798922,"synthetica"
"1401",-116.2279854,36.7629709,"synthetica"
"1421",-116.2246384,36.84008511,"synthetica"
"1429",-116.2207575,36.87206079,"synthetica"
"1447",-116.2125321,36.90312439,"synthetica"
"1467",-116.2124233,36.99818365,"synthetica"
"1469",-116.2224878,37.02345604,"synthetica"
"1492",-116.2250883,37.09661893,"synthetica"
"5658",-116.1563954,33.93594039,"synthetica"
"5597",-116.1714421,33.96286113,"synthetica"
"5359",-116.1818418,34.02090286,"synthetica"
"5043",-116.1996993,34.06328761,"synthetica"
"1113",-116.1872564,36.73491235,"synthetica"
"1440",-116.1782908,36.79176528,"synthetica"
"1459",-116.1740429,36.84036506,"synthetica"
"1454",-116.1959242,36.89870967,"synthetica"
"1512",-116.1605706,36.92940295,"synthetica"
"1506",-116.1871994,36.99432192,"synthetica"
"1546",-116.1572197,37.00295184,"synthetica"
"1570",-116.1637026,37.09737249,"synthetica"
"1595",-116.1626275,37.12189658,"synthetica"
"5722",-116.1127816,33.87987227,"synthetica"
"5654",-116.1236964,33.93619901,"synthetica"
"5596",-116.104608,33.96432381,"synthetica"
"5187",-116.1183569,34.04699718,"synthetica"
"1507",-116.1118209,36.77832633,"synthetica"
"1541",-116.1081608,36.84815859,"synthetica"
"1557",-116.1115766,36.88469412,"synthetica"
"1528",-116.1469949,36.94565305,"synthetica"
"1587",-116.1272714,36.97983207,"synthetica"
"1651",-116.1042148,37.0283468,"synthetica"
"1652",-116.1130599,37.07065317,"synthetica"
"1641",-116.1439382,37.1303234,"synthetica"
"5745",-116.0539009,33.84749893,"synthetica"
"5719",-116.0717346,33.87875946,"synthetica"
"5675",-116.0840871,33.9180387,"synthetica"
"5462",-116.0856615,33.99287316,"synthetica"
"5399",-116.0543817,34.00862224,"synthetica"
"1517",-116.0970174,36.76080435,"synthetica"
"1574",-116.0809747,36.81181827,"synthetica"
"1642",-116.0735095,36.89624668,"synthetica"
"1644",-116.0767483,36.90883797,"synthetica"
"1662",-116.0720953,36.95943867,"synthetica"
"1668",-116.0883359,37.03163888,"synthetica"
"1683",-116.0869955,37.06521935,"synthetica"
"1724",-116.0552014,37.2113286,"synthetica"
"5757",-116.0437052,33.84406946,"synthetica"
"5742",-116.0117295,33.86223361,"synthetica"
"5683",-116.02676,33.91142416,"synthetica"
"5621",-116.0371405,33.95575135,"synthetica"
"5416",-116.0170838,34.0039174,"synthetica"
"1654",-116.0395886,36.83876958,"synthetica"
"1702",-116.0084906,36.86507979,"synthetica"
"1713",-116.0053901,36.92273954,"synthetica"
"3014",-116.0017775,37.03395183,"synthetica"
"3018",-116.00321,37.06357173,"synthetica"
"3092",-116.0007164,37.12368466,"synthetica"
"3093",-116.0168501,37.16265834,"synthetica"
"3025",-116.0451403,37.21222507,"synthetica"
"1077",-115.999745,34.001855,"synthetica"
"1688",-115.9836615,36.69927824,"synthetica"
"1689",-115.9838461,36.71322518,"synthetica"
"1708",-115.9961096,36.84291231,"synthetica"
"1714",-115.977272,36.86809609,"synthetica"
"1721",-115.9789185,36.92437048,"synthetica"
"3010",-115.982811,36.96250469,"synthetica"
"3013",-115.9948099,37.02301934,"synthetica"
"3080",-115.9780606,37.05322368,"synthetica"
"3090",-115.9970146,37.10641798,"synthetica"
"3173",-115.9846192,37.16934532,"synthetica"
"3196",-115.9816541,37.21183981,"synthetica"
"1097",-115.9250157,35.48809824,"antithetica"
"1711",-115.9412329,36.68949303,"synthetica"
"1718",-115.9369358,36.77013982,"synthetica"
"3057",-115.9384584,36.88371485,"synthetica"
"3058",-115.9493588,36.9089727,"synthetica"
"3162",-115.9340633,36.99700549,"synthetica"
"3182",-115.9377573,37.04559124,"synthetica"
"3185",-115.9375175,37.05933164,"synthetica"
"3204",-115.940912,37.12219004,"synthetica"
"3228",-115.9284585,37.18846117,"synthetica"
"3227",-115.943767,37.22011694,"synthetica"
"1099",-115.8557285,35.38525518,"antithetica"
"1107",-115.8501062,35.42320348,"antithetica"
"1102",-115.884674,35.50442997,"antithetica"
"1108",-115.8840261,35.57749025,"antithetica"
"1218",-115.8601175,36.15459335,"antithetica"
"1235",-115.8646066,36.23598184,"antithetica"
"1252",-115.8629418,36.2727706,"antithetica"
"1103",-115.8306408,35.34553093,"antithetica"
"1116",-115.8169291,35.39683519,"antithetica"
"1118",-115.8242154,35.42510902,"antithetica"
"1128",-115.8036768,35.45233436,"antithetica"
"1177",-115.8187186,35.74670817,"antithetica"
"1148",-115.8414452,35.76727189,"antithetica"
"1266",-115.805466,36.09992047,"antithetica"
"1231",-115.8413339,36.14863581,"antithetica"
"1271",-115.8271987,36.16014608,"antithetica"
"1296",-115.8394725,36.24934511,"antithetica"
"1300",-115.8456203,36.29394216,"antithetica"
"1105",-115.7642071,35.13330959,"antithetica"
"1115",-115.7540117,35.15341117,"antithetica"
"1126",-115.752303,35.22140458,"antithetica"
"1121",-115.7978117,35.37320429,"antithetica"
"1134",-115.7692231,35.4101983,"antithetica"
"1137",-115.7758113,35.46171119,"antithetica"
"1162",-115.7632129,35.50430972,"antithetica"
"1146",-115.7919075,35.55620806,"antithetica"
"1201",-115.7606124,35.64961022,"antithetica"
"1195",-115.7851235,35.69989757,"antithetica"
"1198",-115.7808229,35.70504714,"antithetica"
"1367",-115.7555165,36.06269526,"antithetica"
"1316",-115.7959709,36.12889927,"antithetica"
"2499",-115.7628069,36.19835518,"antithetica"
"2508",-115.7518257,36.2001981,"antithetica"
"1120",-115.7387117,35.14961018,"antithetica"
"1139",-115.7128961,35.24333443,"antithetica"
"1140",-115.709612,35.26400988,"antithetica"
"1159",-115.7180127,35.31550086,"antithetica"
"1182",-115.7044062,35.38160652,"antithetica"
"1143",-115.746513,35.4067099,"antithetica"
"1200",-115.7171092,35.48100881,"antithetica"
"1184",-115.7409123,35.50471013,"antithetica"
"1217",-115.7177187,35.64217391,"antithetica"
"1209",-115.7338026,35.66720052,"antithetica"
"1362",-115.7062143,35.89758815,"antithetica"
"1364",-115.724642,35.96749931,"antithetica"
"1959",-115.7399342,36.04706252,"antithetica"
"2510",-115.7162822,36.08753488,"antithetica"
"2503",-115.7286942,36.11282804,"antithetica"
"2517",-115.74402,36.19238252,"antithetica"
"2518",-115.7408441,36.20204001,"antithetica"
"2537",-115.7194584,36.42459309,"antithetica"
"2539",-115.7209084,36.4517201,"antithetica"
"1167",-115.6938607,35.27142352,"antithetica"
"1168",-115.6992196,35.30480527,"antithetica"
"1207",-115.6594646,35.35712441,"antithetica"
"1199",-115.6926091,35.41200784,"antithetica"
"1229",-115.6858641,35.548409,"antithetica"
"1311",-115.6517227,35.57923566,"antithetica"
"1261",-115.6826872,35.62250217,"antithetica"
"1265",-115.6998664,35.7050833,"antithetica"
"1965",-115.6875063,35.8916053,"antithetica"
"2019",-115.6529299,35.93390606,"antithetica"
"1979",-115.6917946,35.97301543,"antithetica"
"1998",-115.6992675,36.04476321,"antithetica"
"2536",-115.661446,36.09671871,"antithetica"
"2534",-115.6692333,36.10454021,"antithetica"
"2576",-115.6583254,36.38917396,"antithetica"
"2551",-115.6910431,36.44757886,"antithetica"
"2562",-115.6878496,36.45723337,"antithetica"
"2571",-115.6909452,36.50078865,"antithetica"
"1202",-115.628915,35.19980127,"antithetica"
"1212",-115.6126166,35.20740564,"antithetica"
"1241",-115.6080138,35.28840823,"antithetica"
"1284",-115.6082111,35.38020297,"antithetica"
"1242",-115.6368191,35.40660347,"antithetica"
"1738",-115.6038422,35.5815034,"antithetica"
"2016",-115.6437488,35.89894487,"antithetica"
"2031",-115.6419843,35.93573923,"antithetica"
"2056",-115.6292668,35.97436449,"antithetica"
"2071",-115.6197201,36.00333181,"antithetica"
"2077",-115.6380937,36.0732509,"antithetica"
"2608",-115.6018561,36.37119994,"antithetica"
"2600",-115.6391419,36.44709572,"antithetica"
"3235",-115.6231331,36.49535995,"antithetica"
"3237",-115.635581,36.52065612,"antithetica"
"43",-115.6147901,36.56238851,"antithetica"
"1226",-115.5911191,35.18890852,"antithetica"
"1282",-115.5667205,35.22860892,"antithetica"
"1327",-115.5505108,35.26700479,"antithetica"
"1356",-115.5577119,35.33080721,"antithetica"
"1306",-115.5887121,35.36580363,"antithetica"
"1337",-115.5879088,35.40810612,"antithetica"
"1755",-115.5633861,35.55415221,"antithetica"
"1760",-115.566377,35.61661217,"antithetica"
"2080",-115.5524966,35.76821957,"antithetica"
"2096",-115.5520689,35.83215698,"antithetica"
"2116",-115.5822686,35.99133687,"antithetica"
"2131",-115.5790805,36.00099142,"antithetica"
"2190",-115.5599347,36.05891552,"antithetica"
"3246",-115.5734251,36.39415856,"antithetica"
"3247",-115.581234,36.40198426,"antithetica"
"3255",-115.5932559,36.49119446,"antithetica"
"3281",-115.5569581,36.50632311,"antithetica"
"42",-115.5983479,36.55290414,"antithetica"
"1351",-115.5188683,35.16319776,"antithetica"
"1741",-115.5061096,35.24180576,"antithetica"
"1735",-115.5173166,35.25160881,"antithetica"
"1753",-115.530307,35.4321042,"antithetica"
"1765",-115.5086116,35.45210559,"antithetica"
"2123",-115.5165359,35.78334352,"antithetica"
"2153",-115.511523,35.82979322,"antithetica"
"2156",-115.5128873,35.85693386,"antithetica"
"2159",-115.543451,35.95219231,"antithetica"
"2209",-115.5366255,36.03542722,"antithetica"
"2232",-115.5380025,36.0625634,"antithetica"
"3256",-115.5101061,36.24048627,"antithetica"
"2651",-115.5196785,36.27382197,"antithetica"
"3264",-115.5435907,36.38998043,"antithetica"
"3299",-115.5197258,36.43040453,"antithetica"
"39",-115.5056033,36.49931243,"antithetica"
"3302",-115.5394969,36.52744718,"antithetica"
"4079",-115.5139453,37.37755543,"synthetica"
"4110",-115.5074453,37.48030544,"synthetica"
"1756",-115.4500044,35.16330982,"antithetica"
"1749",-115.48641,35.24270598,"antithetica"
"1767",-115.4565099,35.25990941,"antithetica"
"1762",-115.4692099,35.30350959,"antithetica"
"1775",-115.4558176,35.36520606,"antithetica"
"1768",-115.4967096,35.42970704,"antithetica"
"2218",-115.4514778,35.73031446,"antithetica"
"2239",-115.4509654,35.79425339,"antithetica"
"2243",-115.464588,35.846721,"antithetica"
"2244",-115.4723294,35.85455678,"antithetica"
"2269",-115.4640858,35.91065417,"antithetica"
"2678",-115.4502528,36.07711447,"antithetica"
"3261",-115.4991128,36.24230591,"antithetica"
"3282",-115.4849081,36.25377485,"antithetica"
"3333",-115.4646163,36.43949585,"antithetica"
"3336",-115.4659748,36.4666256,"antithetica"
"4225",-115.4509287,37.43673877,"contact"
"4163",-115.475512,37.45317211,"contact"
"1766",-115.4263283,35.17097469,"antithetica"
"1776",-115.4189064,35.27570649,"antithetica"
"1774",-115.4418134,35.32301256,"antithetica"
"2271",-115.4000676,35.7297274,"antithetica"
"2294",-115.4104428,35.79185508,"antithetica"
"2281",-115.4272383,35.83467589,"antithetica"
"2641",-115.4267047,35.89860949,"antithetica"
"2321",-115.42804,35.92574966,"antithetica"
"2658",-115.4293762,35.95288925,"antithetica"
"2706",-115.4069173,36.02044105,"antithetica"
"2731",-115.417338,36.08255443,"antithetica"
"2790",-115.4044811,36.12115147,"antithetica"
"3312",-115.4409213,36.26103796,"antithetica"
"3347",-115.4028138,36.31290363,"antithetica"
"3331",-115.4476649,36.39669842,"antithetica"
"3370",-115.4205191,36.44675062,"antithetica"
"3371",-115.4250901,36.46423346,"antithetica"
"3391",-115.4102803,36.53959769,"antithetica"
"4224",-115.4419619,37.43052211,"contact"
"4252",-115.4437287,37.61445546,"antithetica"
"2323",-115.3614772,35.69051559,"antithetica"
"2326",-115.3750195,35.74299777,"antithetica"
"2329",-115.3840581,35.77798379,"antithetica"
"2358",-115.3712359,35.81658602,"antithetica"
"2669",-115.3925429,35.87690267,"antithetica"
"2749",-115.3578089,35.91911796,"antithetica"
"2812",-115.3572163,35.98304714,"antithetica"
"2758",-115.3804537,36.00657138,"antithetica"
"2850",-115.3793043,36.13441885,"antithetica"
"3345",-115.3982571,36.29541829,"antithetica"
"3355",-115.3918073,36.31471331,"antithetica"
"3385",-115.3614223,36.37440166,"antithetica"
"3382",-115.3861107,36.42505016,"antithetica"
"3425",-115.3589138,36.47508754,"antithetica"
"3445",-115.3569966,36.51186322,"antithetica"
"3416",-115.3849644,36.55286275,"antithetica"
"3478",-115.3590434,36.63002448,"antithetica"
"4246",-115.3905452,37.41602211,"antithetica"
"4254",-115.3607286,37.46085545,"antithetica"
"1777",-115.3040167,35.14210468,"antithetica"
"1778",-115.3179095,35.17210491,"antithetica"
"1785",-115.30379,35.20111924,"antithetica"
"2739",-115.3294054,35.78701696,"antithetica"
"2827",-115.3101233,35.84491006,"antithetica"
"2830",-115.3114159,35.87205263,"antithetica"
"2806",-115.3391233,35.91308044,"antithetica"
"2896",-115.3165958,35.98061717,"antithetica"
"2873",-115.341126,36.03128839,"antithetica"
"3404",-115.3289915,36.31590447,"antithetica"
"3440",-115.3160497,36.35448593,"antithetica"
"3480",-115.3011524,36.42984166,"antithetica"
"3455",-115.3414043,36.49618312,"antithetica"
"3456",-115.3381639,36.50582797,"antithetica"
"3585",-115.3011629,36.58478271,"antithetica"
"3523",-115.3245688,36.60830868,"antithetica"
"3531",-115.3395677,36.68788993,"antithetica"
"4087",-115.3109366,36.71078197,"antithetica"
"4204",-115.3002452,36.82935538,"antithetica"
"1783",-115.2834076,35.12780376,"antithetica"
"1787",-115.2607725,35.15544803,"antithetica"
"1788",-115.2818095,35.2137018,"antithetica"
"1794",-115.2665193,35.27350123,"antithetica"
"1828",-115.2593859,35.62529778,"antithetica"
"1845",-115.2542266,35.67174239,"antithetica"
"2821",-115.2966076,35.79242475,"antithetica"
"2903",-115.272799,35.83281642,"antithetica"
"2910",-115.2830841,35.89495014,"antithetica"
"2888",-115.2985409,35.91064419,"antithetica"
"2949",-115.2746962,35.95103257,"antithetica"
"2951",-115.288225,36.00351405,"antithetica"
"3451",-115.2959639,36.32131007,"antithetica"
"3512",-115.2713191,36.42559582,"antithetica"
"3515",-115.2836373,36.45092938,"antithetica"
"3582",-115.2829774,36.51483536,"antithetica"
"3615",-115.2979136,36.59442598,"antithetica"
"3682",-115.2705967,36.64443839,"antithetica"
"3706",-115.2764389,36.68905333,"antithetica"
"4189",-115.2790299,36.74330889,"antithetica"
"4194",-115.2848849,36.78792108,"antithetica"
"4240",-115.2653109,36.84576972,"antithetica"
"4260",-115.2881952,37.51372213,"antithetica"
"1790",-115.2487491,35.12791184,"antithetica"
"1811",-115.2008145,35.19470101,"antithetica"
"1804",-115.2066043,35.20910377,"antithetica"
"1816",-115.2187058,35.27660205,"antithetica"
"1818",-115.2314196,35.31125514,"antithetica"
"1832",-115.2484753,35.62709518,"antithetica"
"1843",-115.2497423,35.65424315,"antithetica"
"2953",-115.2367522,35.84785482,"antithetica"
"2977",-115.2238433,35.886439,"antithetica"
"2997",-115.2186444,35.93287244,"antithetica"
"2998",-115.2244013,35.97751035,"antithetica"
"3658",-115.2349885,36.44062755,"antithetica"
"3659",-115.2317369,36.45026984,"antithetica"
"4234",-115.2367195,36.71372531,"antithetica"
"4236",-115.242547,36.75834024,"antithetica"
"4242",-115.2496683,36.83008055,"antithetica"
"1803",-115.1822127,35.0914099,"antithetica"
"1810",-115.1863096,35.1367032,"antithetica"
"1812",-115.1967145,35.20131158,"antithetica"
"1827",-115.1746074,35.29380417,"antithetica"
"1849",-115.1579844,35.34650858,"antithetica"
"1856",-115.1572945,35.38703105,"antithetica"
"1861",-115.1589815,35.43208544,"antithetica"
"1875",-115.1569942,35.4688862,"antithetica"
"1895",-115.1562367,35.5328375,"antithetica"
"2419",-115.1668735,35.686089,"antithetica"
"2428",-115.1604167,35.70538008,"antithetica"
"2999",-115.1987127,35.89967051,"antithetica"
"3744",-115.1830957,36.43994695,"antithetica"
"3777",-115.1843528,36.46707976,"antithetica"
"3849",-115.1615207,36.53456207,"antithetica"
"3850",-115.1660369,36.55205381,"antithetica"
"4284",-115.1861786,37.17985543,"antithetica"
"4343",-115.1636119,37.39293878,"antithetica"
"4345",-115.1744786,37.42017213,"antithetica"
"1836",-115.1137155,35.12360392,"antithetica"
"1837",-115.1355105,35.22350916,"antithetica"
"1848",-115.1410089,35.29450034,"antithetica"
"1868",-115.1175389,35.34211686,"antithetica"
"1903",-115.1218828,35.4199402,"antithetica"
"2409",-115.1057625,35.46817146,"antithetica"
"2425",-115.1126346,35.53998362,"antithetica"
"2440",-115.1073917,35.58642512,"antithetica"
"2434",-115.1494924,35.70716825,"antithetica"
"3842",-115.1344678,36.42960425,"antithetica"
"3845",-115.1479848,36.48208474,"antithetica"
"3876",-115.1459645,36.51885681,"antithetica"
"4365",-115.1161049,37.34451545,"antithetica"
"1881",-115.0747099,35.22120482,"antithetica"
"1900",-115.0864174,35.275609,"antithetica"
"1909",-115.0916152,35.34077265,"antithetica"
"1922",-115.0694848,35.39205487,"antithetica"
"1929",-115.0630282,35.4113455,"antithetica"
"2435",-115.0763159,35.46387394,"antithetica"
"2454",-115.0524933,35.50423235,"antithetica"
"2475",-115.0516479,35.56818098,"antithetica"
"3573",-115.0540406,35.62248307,"antithetica"
"4264",-115.0681852,36.68626769,"antithetica"
"4297",-115.0505449,36.70731821,"antithetica"
"4369",-115.0699286,37.21343877,"antithetica"
"4381",-115.0992269,37.34516245,"antithetica"
"4385",-115.0916259,37.35126445,"antithetica"
"1944",-115.0259549,35.39916992,"antithetica"
"1945",-115.0227212,35.40881407,"antithetica"
"3567",-115.0262732,35.49027833,"antithetica"
"2456",-115.0492585,35.51387633,"antithetica"
"3571",-115.0407406,35.56995934,"antithetica"
"3718",-115.0417533,35.84322385,"antithetica"
"3771",-115.0319991,35.87214638,"antithetica"
"3814",-115.0234282,35.92821188,"antithetica"
"3977",-115.0131098,36.44918166,"antithetica"
"3981",-115.0020742,36.45095531,"antithetica"
"4009",-115.0026627,36.63302577,"antithetica"
"4319",-115.005054,36.68728863,"antithetica"
"4288",-115.0437118,36.70525538,"antithetica"
"4383",-115.0420786,37.19757211,"antithetica"
"4388",-115.0301119,37.37417213,"antithetica"
"1925",-114.9886377,35.11093596,"antithetica"
"3562",-114.9965394,35.39485227,"antithetica"
"3646",-114.9759372,35.42555451,"antithetica"
"3670",-114.9662115,35.45448165,"antithetica"
"3695",-114.976196,35.51666091,"antithetica"
"3978",-114.9886643,36.39845744,"antithetica"
"4000",-114.9644994,36.43877007,"antithetica"
"4014",-114.9546386,36.4676744,"antithetica"
"4028",-114.9525241,36.50444344,"antithetica"
"4039",-114.9638163,36.59370936,"antithetica"
"4030",-114.9715823,36.60157372,"antithetica"
"4325",-114.992791,36.66193,"antithetica"
"4352",-114.9885866,36.73546056,"antithetica"
"4360",-114.9819937,36.75472836,"antithetica"
"3538",-114.9430505,35.33975286,"antithetica"
"3550",-114.9159499,35.38973023,"antithetica"
"3759",-114.9094548,35.40901248,"antithetica"
"3736",-114.9411786,35.46766337,"antithetica"
"3836",-114.9151775,35.54478851,"antithetica"
"3839",-114.9163245,35.57194177,"antithetica"
"3868",-114.919445,35.60863859,"antithetica"
"4010",-114.9457166,36.43267299,"antithetica"
"4026",-114.9403087,36.47907682,"antithetica"
"4047",-114.9304332,36.50797846,"antithetica"
"4048",-114.943822,36.56047941,"antithetica"
"4063",-114.9351069,36.61651295,"antithetica"
"4065",-114.9440458,36.65151142,"antithetica"
"3559",-114.8810292,35.34070933,"antithetica"
"3552",-114.8962913,35.35646279,"antithetica"
"3851",-114.8779212,35.44146267,"antithetica"
"3916",-114.8507419,35.49142054,"antithetica"
"3858",-114.887832,35.50365008,"antithetica"
"3957",-114.8585027,35.5903992,"antithetica"
"3910",-114.8956422,35.60262526,"antithetica"
"4074",-114.8576616,36.62885564,"antithetica"
"4068",-114.8809421,36.65246721,"antithetica"
"4691",-114.8503952,37.6145555,"antithetica"
"3913",-114.8496194,35.46426476,"antithetica"
"3950",-114.8376982,35.52997372,"antithetica"
"3970",-114.8322885,35.57640324,"antithetica"
"4073",-114.8499047,36.62098405,"antithetica"
"4696",-114.8148451,37.52483882,"antithetica"
"4702",-114.8222709,37.6171475,"antithetica"
"4703",-114.7719785,37.47897216,"antithetica"
"4705",-114.7953458,37.5953905,"antithetica"
"4710",-114.7880305,37.60984542,"antithetica"
"366",-114.5130592,35.77146106,"antithetica"
"364",-114.4594663,35.67095207,"antithetica"
"4396",-114.4532447,36.7379163,"antithetica"
"4718",-114.4542429,36.76505143,"antithetica"
"4403",-114.4629749,36.80008246,"antithetica"
"363",-114.4416336,35.6508034,"antithetica"
"4400",-114.4421536,36.7396381,"antithetica"
"4723",-114.4243255,36.76059574,"antithetica"
"4733",-114.4263021,36.81486546,"antithetica"
"4411",-114.3890885,36.71147834,"antithetica"
"4749",-114.3688445,36.76918107,"antithetica"
"4765",-114.3553312,36.80764671,"antithetica"
"4465",-114.3225486,36.72175845,"antithetica"
"4769",-114.3389305,36.76470417,"antithetica"
"4780",-114.3297398,36.82068653,"antithetica"
"4390",-114.2600115,35.5980053,"antithetica"
"4391",-114.2561782,35.6133053,"antithetica"
"4513",-114.2969808,36.73479189,"antithetica"
"4516",-114.2979224,36.76192832,"antithetica"
"4797",-114.2732697,36.80209231,"antithetica"
"4392",-114.2382282,35.64362197,"antithetica"
"4473",-114.2115342,36.29324583,"antithetica"
"4475",-114.2158155,36.31077505,"antithetica"
"4495",-114.2176303,36.36506205,"antithetica"
"4498",-114.2228273,36.4097327,"antithetica"
"4533",-114.205921,36.45780351,"antithetica"
"4552",-114.2000554,36.50417185,"antithetica"
"4599",-114.2027686,36.58559246,"antithetica"
"4573",-114.2147522,36.61103188,"antithetica"
"4603",-114.2415045,36.74331864,"antithetica"
"4575",-114.2492101,36.75122883,"antithetica"
"4820",-114.2476659,36.81511473,"antithetica"
"286",-114.1603601,34.74816371,"antithetica"
"283",-114.1794142,34.7807191,"antithetica"
"4408",-114.1624948,35.71288865,"antithetica"
"349",-114.194325,35.82159574,"antithetica"
"353",-114.1715968,35.88830999,"antithetica"
"354",-114.172093,35.91384998,"antithetica"
"4503",-114.1851966,36.27911443,"antithetica"
"4491",-114.1971256,36.30456033,"antithetica"
"4563",-114.1590314,36.38316706,"antithetica"
"4570",-114.1795269,36.44367232,"antithetica"
"4647",-114.1506383,36.46628965,"antithetica"
"4653",-114.1600833,36.5284893,"antithetica"
"4627",-114.1883027,36.5969039,"antithetica"
"4854",-114.1670421,36.62743729,"antithetica"
"4900",-114.15774,36.68341048,"antithetica"
"4922",-114.1509387,36.70263255,"antithetica"
"4885",-114.1903171,36.76934523,"antithetica"
"4942",-114.1699045,36.82701267,"antithetica"
"288",-114.1118609,34.69987028,"antithetica"
"287",-114.1338376,34.72292647,"antithetica"
"339",-114.1445271,34.82665931,"antithetica"
"340",-114.1461963,34.85289718,"antithetica"
"344",-114.1143547,35.63396022,"antithetica"
"343",-114.1148396,35.6592428,"antithetica"
"341",-114.1301342,35.70403812,"antithetica"
"4425",-114.1337282,35.77725533,"antithetica"
"4559",-114.1376899,36.29551143,"antithetica"
"4638",-114.1207549,36.34357364,"antithetica"
"4665",-114.1063231,36.35487683,"antithetica"
"4845",-114.1080601,36.40916394,"antithetica"
"4676",-114.1438549,36.48551369,"antithetica"
"4680",-114.1490164,36.53018427,"antithetica"
"4878",-114.1354336,36.56863012,"antithetica"
"4916",-114.1303956,36.64213147,"antithetica"
"4937",-114.1312758,36.66927051,"antithetica"
"4923",-114.1475368,36.71224337,"antithetica"
"4956",-114.1433873,36.81287642,"antithetica"
"293",-114.0634596,34.5899495,"antithetica"
"292",-114.0673567,34.63318461,"antithetica"
"290",-114.0889835,34.66675162,"antithetica"
"4389",-114.0740614,34.80623854,"antithetica"
"362",-114.0793889,35.74448659,"antithetica"
"4502",-114.0858782,35.86475534,"antithetica"
"4518",-114.0937283,35.97048868,"antithetica"
"4578",-114.0693949,36.04988869,"antithetica"
"4635",-114.0545116,36.0990387,"antithetica"
"4664",-114.0969441,36.2926663,"antithetica"
"4889",-114.0817015,36.3950108,"antithetica"
"4912",-114.0749069,36.41423177,"antithetica"
"4949",-114.0783409,36.52280114,"antithetica"
"4968",-114.0690074,36.69693866,"antithetica"
"4969",-114.0655953,36.70654719,"antithetica"
"294",-114.0409735,34.6994081,"antithetica"
"295",-114.0409618,34.74347621,"antithetica"
"296",-114.0497429,34.77941966,"antithetica"
"297",-114.0345928,34.80122912,"antithetica"
"356",-114.0325018,35.89187741,"antithetica"
"4945",-114.0443052,36.3825372,"antithetica"
"4947",-114.0485527,36.40007137,"antithetica"
"4977",-114.0468193,36.70031046,"antithetica"
"300",-113.9533493,34.74958578,"antithetica"
"299",-113.9920142,34.77430703,"antithetica"
"358",-113.9800236,35.8768852,"antithetica"
"4990",-113.9950616,36.84387214,"antithetica"
"4991",-113.9790783,36.8605888,"antithetica"
"302",-113.9196797,34.69445029,"antithetica"
"301",-113.9203664,34.72057115,"antithetica"
"361",-113.9300488,35.90944613,"antithetica"
"4419",-113.8662447,34.64738853,"antithetica"
"303",-113.8842286,34.66190747,"antithetica"
"5001",-113.8977116,37.06273883,"antithetica"
"306",-113.8127396,34.60446545,"antithetica"
"5003",-113.8085783,36.95680549,"antithetica"
"4488",-113.7942114,34.59098853,"antithetica"
"4517",-113.7734281,34.61552187,"antithetica"
"5004",-113.7967449,36.95457216,"antithetica"
"324",-113.7286128,34.39386762,"antithetica"
"323",-113.7404248,34.4217216,"antithetica"
"312",-113.7214932,34.52072504,"antithetica"
"309",-113.7483955,34.65468822,"antithetica"
"313",-113.686051,34.49614578,"antithetica"
"4868",-113.6936614,34.67953854,"antithetica"
"317",-113.6289185,34.47454394,"antithetica"
"320",-113.6066655,34.50878275,"antithetica"
"4960",-113.6291947,34.69840522,"antithetica"
"321",-113.59604,34.51236568,"antithetica"
"5765",-113.5842283,37.06593885,"antithetica"
"338",-113.4011255,34.20358165,"antithetica"
"4985",-113.3968946,34.19735517,"antithetica"
"4981",-113.396328,34.2011385,"antithetica"
"336",-113.3208529,34.17315065,"antithetica"
"335",-113.2817003,34.16153283,"antithetica"
"4992",-113.2251445,34.1536885,"antithetica"
"330",-113.1674052,34.18740592,"antithetica"
"332",-113.1427668,34.15447518,"antithetica"
"328",-113.0744417,34.1751504,"antithetica"
"5014",-113.0767945,34.22662186,"antithetica"
"327",-113.0362473,34.16828554,"antithetica"
